﻿[
  {
    "SiparisKod": 100,
    "Latitude": 41.07826,
    "Longitude": 29.01577
  },
  {
    "SiparisKod": 101,
    "Latitude": 41.06078,
    "Longitude": 29.01083
  },
  {
    "SiparisKod": 102,
    "Latitude": 41.06416,
    "Longitude": 29.00997
  },
  {
    "SiparisKod": 103,
    "Latitude": 41.08529,
    "Longitude": 29.01979
  },
  {
    "SiparisKod": 104,
    "Latitude": 41.04184,
    "Longitude": 29.00299
  },
  {
    "SiparisKod": 105,
    "Latitude": 41.0855,
    "Longitude": 29.00871
  },
  {
    "SiparisKod": 106,
    "Latitude": 41.08504,
    "Longitude": 29.01757
  },
  {
    "SiparisKod": 107,
    "Latitude": 41.05221,
    "Longitude": 29.03323
  },
  {
    "SiparisKod": 108,
    "Latitude": 41.08117,
    "Longitude": 29.0398
  },
  {
    "SiparisKod": 109,
    "Latitude": 41.08596,
    "Longitude": 29.03349
  },
  {
    "SiparisKod": 110,
    "Latitude": 41.06072,
    "Longitude": 29.01134
  },
  {
    "SiparisKod": 111,
    "Latitude": 41.07002,
    "Longitude": 29.01765
  },
  {
    "SiparisKod": 112,
    "Latitude": 41.08052,
    "Longitude": 29.01224
  },
  {
    "SiparisKod": 113,
    "Latitude": 41.04615,
    "Longitude": 29.01204
  },
  {
    "SiparisKod": 114,
    "Latitude": 41.05128,
    "Longitude": 29.0031
  },
  {
    "SiparisKod": 115,
    "Latitude": 41.05434,
    "Longitude": 29.03172
  },
  {
    "SiparisKod": 116,
    "Latitude": 41.07826,
    "Longitude": 29.01577
  },
  {
    "SiparisKod": 117,
    "Latitude": 41.06177,
    "Longitude": 29.03788
  },
  {
    "SiparisKod": 118,
    "Latitude": 41.06148,
    "Longitude": 29.00481
  },
  {
    "SiparisKod": 119,
    "Latitude": 41.04683,
    "Longitude": 29.00313
  },
  {
    "SiparisKod": 120,
    "Latitude": 41.0429,
    "Longitude": 29.00004
  },
  {
    "SiparisKod": 121,
    "Latitude": 41.0455,
    "Longitude": 28.99978
  },
  {
    "SiparisKod": 122,
    "Latitude": 41.05128,
    "Longitude": 29.0031
  },
  {
    "SiparisKod": 123,
    "Latitude": 41.0455,
    "Longitude": 28.99978
  },
  {
    "SiparisKod": 124,
    "Latitude": 41.05938,
    "Longitude": 29.00036
  },
  {
    "SiparisKod": 125,
    "Latitude": 41.07708,
    "Longitude": 29.03119
  },
  {
    "SiparisKod": 126,
    "Latitude": 41.04713,
    "Longitude": 29.00911
  },
  {
    "SiparisKod": 127,
    "Latitude": 41.07998,
    "Longitude": 29.02133
  },
  {
    "SiparisKod": 128,
    "Latitude": 41.06416,
    "Longitude": 29.00997
  },
  {
    "SiparisKod": 129,
    "Latitude": 41.07092,
    "Longitude": 29.042
  },
  {
    "SiparisKod": 130,
    "Latitude": 41.08322,
    "Longitude": 29.01363
  },
  {
    "SiparisKod": 131,
    "Latitude": 41.06604,
    "Longitude": 29.00737
  },
  {
    "SiparisKod": 132,
    "Latitude": 41.08085,
    "Longitude": 29.01036
  },
  {
    "SiparisKod": 133,
    "Latitude": 41.04378,
    "Longitude": 29.00996
  },
  {
    "SiparisKod": 134,
    "Latitude": 41.06416,
    "Longitude": 29.00997
  },
  {
    "SiparisKod": 135,
    "Latitude": 41.066,
    "Longitude": 29.04069
  },
  {
    "SiparisKod": 136,
    "Latitude": 41.08688,
    "Longitude": 29.01791
  },
  {
    "SiparisKod": 137,
    "Latitude": 41.05175,
    "Longitude": 28.99054
  },
  {
    "SiparisKod": 138,
    "Latitude": 41.05928,
    "Longitude": 29.01205
  },
  {
    "SiparisKod": 139,
    "Latitude": 41.07922,
    "Longitude": 29.01044
  },
  {
    "SiparisKod": 140,
    "Latitude": 41.05461,
    "Longitude": 29.0274
  },
  {
    "SiparisKod": 141,
    "Latitude": 41.06307,
    "Longitude": 29.01096
  },
  {
    "SiparisKod": 142,
    "Latitude": 41.07595,
    "Longitude": 29.01577
  },
  {
    "SiparisKod": 143,
    "Latitude": 41.04378,
    "Longitude": 29.00996
  },
  {
    "SiparisKod": 144,
    "Latitude": 41.06766,
    "Longitude": 29.04305
  },
  {
    "SiparisKod": 145,
    "Latitude": 41.05619,
    "Longitude": 28.99996
  },
  {
    "SiparisKod": 146,
    "Latitude": 41.07919,
    "Longitude": 29.04516
  },
  {
    "SiparisKod": 147,
    "Latitude": 41.07708,
    "Longitude": 29.03119
  },
  {
    "SiparisKod": 148,
    "Latitude": 41.05797,
    "Longitude": 29.01616
  },
  {
    "SiparisKod": 149,
    "Latitude": 41.09264,
    "Longitude": 29.01804
  },
  {
    "SiparisKod": 150,
    "Latitude": 41.06078,
    "Longitude": 29.01083
  },
  {
    "SiparisKod": 151,
    "Latitude": 41.07736,
    "Longitude": 29.03097
  },
  {
    "SiparisKod": 152,
    "Latitude": 41.04858,
    "Longitude": 29.02125
  },
  {
    "SiparisKod": 153,
    "Latitude": 41.053072478048,
    "Longitude": 28.987209066283
  },
  {
    "SiparisKod": 154,
    "Latitude": 41.0831,
    "Longitude": 29.01515
  },
  {
    "SiparisKod": 155,
    "Latitude": 41.06078,
    "Longitude": 29.01083
  },
  {
    "SiparisKod": 156,
    "Latitude": 41.05243,
    "Longitude": 28.99045
  },
  {
    "SiparisKod": 157,
    "Latitude": 41.06371,
    "Longitude": 29.01042
  },
  {
    "SiparisKod": 158,
    "Latitude": 41.08329,
    "Longitude": 29.02852
  },
  {
    "SiparisKod": 159,
    "Latitude": 41.05367,
    "Longitude": 28.98939
  },
  {
    "SiparisKod": 160,
    "Latitude": 41.07684,
    "Longitude": 29.01543
  },
  {
    "SiparisKod": 161,
    "Latitude": 41.05695,
    "Longitude": 29.01231
  },
  {
    "SiparisKod": 162,
    "Latitude": 41.07888,
    "Longitude": 29.03018
  },
  {
    "SiparisKod": 163,
    "Latitude": 41.06773,
    "Longitude": 29.02029
  },
  {
    "SiparisKod": 164,
    "Latitude": 41.06307,
    "Longitude": 29.01096
  },
  {
    "SiparisKod": 165,
    "Latitude": 41.06307,
    "Longitude": 29.01096
  },
  {
    "SiparisKod": 166,
    "Latitude": 41.04595,
    "Longitude": 28.99986
  },
  {
    "SiparisKod": 167,
    "Latitude": 41.07684,
    "Longitude": 29.01543
  },
  {
    "SiparisKod": 168,
    "Latitude": 41.0616,
    "Longitude": 29.00046
  },
  {
    "SiparisKod": 169,
    "Latitude": 41.06438,
    "Longitude": 29.00136
  },
  {
    "SiparisKod": 170,
    "Latitude": 41.05689,
    "Longitude": 28.98713
  },
  {
    "SiparisKod": 171,
    "Latitude": 41.07435,
    "Longitude": 29.03925
  },
  {
    "SiparisKod": 172,
    "Latitude": 41.05182,
    "Longitude": 29.00597
  },
  {
    "SiparisKod": 173,
    "Latitude": 41.05842,
    "Longitude": 29.0072
  },
  {
    "SiparisKod": 174,
    "Latitude": 41.05208,
    "Longitude": 29.00721
  },
  {
    "SiparisKod": 175,
    "Latitude": 41.07891,
    "Longitude": 29.02122
  },
  {
    "SiparisKod": 176,
    "Latitude": 41.05718,
    "Longitude": 29.03047
  },
  {
    "SiparisKod": 177,
    "Latitude": 41.06604,
    "Longitude": 29.00737
  },
  {
    "SiparisKod": 178,
    "Latitude": 41.08765,
    "Longitude": 29.00735
  },
  {
    "SiparisKod": 179,
    "Latitude": 41.08368,
    "Longitude": 29.01499
  },
  {
    "SiparisKod": 180,
    "Latitude": 41.0891,
    "Longitude": 29.03537
  },
  {
    "SiparisKod": 181,
    "Latitude": 41.08476,
    "Longitude": 29.01351
  },
  {
    "SiparisKod": 182,
    "Latitude": 41.04184,
    "Longitude": 29.00299
  },
  {
    "SiparisKod": 183,
    "Latitude": 41.06195,
    "Longitude": 29.01185
  },
  {
    "SiparisKod": 184,
    "Latitude": 41.05334,
    "Longitude": 29.00382
  },
  {
    "SiparisKod": 185,
    "Latitude": 41.07438,
    "Longitude": 29.01853
  },
  {
    "SiparisKod": 186,
    "Latitude": 41.08044,
    "Longitude": 29.01554
  },
  {
    "SiparisKod": 187,
    "Latitude": 41.06113,
    "Longitude": 28.99808
  },
  {
    "SiparisKod": 188,
    "Latitude": 41.06078,
    "Longitude": 29.01083
  },
  {
    "SiparisKod": 189,
    "Latitude": 41.07565,
    "Longitude": 29.02047
  },
  {
    "SiparisKod": 190,
    "Latitude": 41.07684,
    "Longitude": 29.01543
  },
  {
    "SiparisKod": 191,
    "Latitude": 41.04859,
    "Longitude": 29.02157
  },
  {
    "SiparisKod": 192,
    "Latitude": 41.06604,
    "Longitude": 29.00737
  },
  {
    "SiparisKod": 193,
    "Latitude": 41.078476490079,
    "Longitude": 29.009396156746
  },
  {
    "SiparisKod": 194,
    "Latitude": 41.07937,
    "Longitude": 29.01159
  },
  {
    "SiparisKod": 195,
    "Latitude": 41.08465,
    "Longitude": 29.02061
  },
  {
    "SiparisKod": 196,
    "Latitude": 41.06604,
    "Longitude": 29.00737
  },
  {
    "SiparisKod": 197,
    "Latitude": 41.06644,
    "Longitude": 29.00427
  },
  {
    "SiparisKod": 198,
    "Latitude": 41.07277,
    "Longitude": 29.01666
  },
  {
    "SiparisKod": 199,
    "Latitude": 41.04903,
    "Longitude": 29.02341
  }
]